modality,model,dataset,n_total,n_fail,fail_rate,n_valid,accuracy,precision,recall,f1,floor,accuracy_minus_floor,cm,source
bert,bert,d1_human_real_vs_human_fake,398,0,0.0,398,0.907,0.8553,0.9799,0.9133,0.5,0.407,"[[166, 33], [4, 195]]",predictions_csv
bert,bert,d2.5_sampled_human_real_vs_synthetic,398,0,0.0,398,0.9975,0.995,1.0,0.9975,0.5,0.4975,"[[198, 1], [0, 199]]",predictions_csv
bert,bert,d2.5_unsampled_human_real_vs_synthetic,679,0,0.0,679,1.0,1.0,1.0,1.0,0.7069,0.2931,"[[199, 0], [0, 480]]",predictions_csv
bert,bert,d2_sampled_human_real_vs_synthetic,398,0,0.0,398,0.9975,0.995,1.0,0.9975,0.5,0.4975,"[[198, 1], [0, 199]]",predictions_csv
bert,bert,d3.5_sampled_human_real_vs_mixed,398,0,0.0,398,0.8819,0.8455,0.9347,0.8878,0.5,0.3819,"[[165, 34], [13, 186]]",predictions_csv
bert,bert,d3.5_unsampled_human_real_vs_mixed,878,0,0.0,878,0.9431,0.9701,0.9558,0.9629,0.7733,0.1697,"[[179, 20], [30, 649]]",predictions_csv
bert,bert,d3_sampled_human_real_vs_mixed,398,0,0.0,398,0.9095,0.8791,0.9497,0.913,0.5,0.4095,"[[173, 26], [10, 189]]",predictions_csv
bert,bert,d3_unsampled_human_real_vs_mixed,598,0,0.0,598,0.9231,0.9192,0.9699,0.9439,0.6672,0.2559,"[[165, 34], [12, 387]]",predictions_csv
rag,gemma4-it-31b,d1_human_real_vs_human_fake,398,0,0.0,398,0.8216,0.8951,0.7286,0.8033,0.5,0.3216,"[[182, 17], [54, 145]]",predictions_csv
rag,gemma4-it-31b,d2.5_sampled_human_real_vs_synthetic,398,0,0.0,398,0.9623,0.9742,0.9497,0.9618,0.5,0.4623,"[[194, 5], [10, 189]]",predictions_csv
rag,gemma4-it-31b,d2.5_unsampled_human_real_vs_synthetic,679,0,0.0,679,0.9764,0.9854,0.9812,0.9833,0.7069,0.2695,"[[192, 7], [9, 471]]",predictions_csv
rag,gemma4-it-31b,d2_sampled_human_real_vs_synthetic,398,0,0.0,398,0.9422,0.9783,0.9045,0.9399,0.5,0.4422,"[[195, 4], [19, 180]]",predictions_csv
rag,gemma4-it-31b,d3.5_sampled_human_real_vs_mixed,398,0,0.0,398,0.8342,0.929,0.7236,0.8136,0.5,0.3342,"[[188, 11], [55, 144]]",predictions_csv
rag,gemma4-it-31b,d3.5_unsampled_human_real_vs_mixed,878,0,0.0,878,0.8941,0.9681,0.8925,0.9287,0.7733,0.1207,"[[179, 20], [73, 606]]",predictions_csv
rag,gemma4-it-31b,d3_sampled_human_real_vs_mixed,398,0,0.0,398,0.8417,0.8736,0.799,0.8346,0.5,0.3417,"[[176, 23], [40, 159]]",predictions_csv
rag,gemma4-it-31b,d3_unsampled_human_real_vs_mixed,598,0,0.0,598,0.8696,0.9421,0.8571,0.8976,0.6672,0.2023,"[[178, 21], [57, 342]]",predictions_csv
rag,muse-glimmer-30b,d1_human_real_vs_human_fake,398,0,0.0,398,0.7035,0.6355,0.9548,0.7631,0.5,0.2035,"[[90, 109], [9, 190]]",predictions_csv
rag,muse-glimmer-30b,d2.5_sampled_human_real_vs_synthetic,398,0,0.0,398,0.7437,0.6678,0.9698,0.791,0.5,0.2437,"[[103, 96], [6, 193]]",predictions_csv
rag,muse-glimmer-30b,d2.5_unsampled_human_real_vs_synthetic,679,0,0.0,679,0.8468,0.8241,0.9958,0.9019,0.7069,0.1399,"[[97, 102], [2, 478]]",predictions_csv
rag,muse-glimmer-30b,d2_sampled_human_real_vs_synthetic,398,0,0.0,398,0.7236,0.6529,0.9548,0.7755,0.5,0.2236,"[[98, 101], [9, 190]]",predictions_csv
rag,muse-glimmer-30b,d3.5_sampled_human_real_vs_mixed,398,1,0.0025,397,0.7028,0.6392,0.9347,0.7592,0.5,0.2028,"[[93, 105], [13, 186]]",predictions_csv
rag,muse-glimmer-30b,d3.5_unsampled_human_real_vs_mixed,878,0,0.0,878,0.8497,0.8547,0.9705,0.909,0.7733,0.0763,"[[87, 112], [20, 659]]",predictions_csv
rag,muse-glimmer-30b,d3_sampled_human_real_vs_mixed,398,0,0.0,398,0.7085,0.6407,0.9497,0.7652,0.5,0.2085,"[[93, 106], [10, 189]]",predictions_csv
rag,muse-glimmer-30b,d3_unsampled_human_real_vs_mixed,598,0,0.0,598,0.7692,0.7636,0.9474,0.8456,0.6672,0.102,"[[82, 117], [21, 378]]",predictions_csv
rag,nemotron,d1_human_real_vs_human_fake,398,0,0.0,398,0.6985,0.8496,0.4824,0.6154,0.5,0.1985,"[[182, 17], [103, 96]]",predictions_csv
rag,nemotron,d2.5_sampled_human_real_vs_synthetic,398,0,0.0,398,0.6106,0.7895,0.3015,0.4364,0.5,0.1106,"[[183, 16], [139, 60]]",predictions_csv
rag,nemotron,d2.5_unsampled_human_real_vs_synthetic,679,0,0.0,679,0.4786,0.858,0.3146,0.4604,0.7069,-0.2283,"[[174, 25], [329, 151]]",predictions_csv
rag,nemotron,d2_sampled_human_real_vs_synthetic,398,0,0.0,398,0.6307,0.825,0.3317,0.4731,0.5,0.1307,"[[185, 14], [133, 66]]",predictions_csv
rag,nemotron,d3.5_sampled_human_real_vs_mixed,398,0,0.0,398,0.5678,0.7143,0.2261,0.3435,0.5,0.0678,"[[181, 18], [154, 45]]",predictions_csv
rag,nemotron,d3.5_unsampled_human_real_vs_mixed,878,0,0.0,878,0.4601,0.881,0.349,0.5,0.7733,-0.3132,"[[167, 32], [442, 237]]",predictions_csv
rag,nemotron,d3_sampled_human_real_vs_mixed,398,0,0.0,398,0.6005,0.7439,0.3065,0.4342,0.5,0.1005,"[[178, 21], [138, 61]]",predictions_csv
rag,nemotron,d3_unsampled_human_real_vs_mixed,598,0,0.0,598,0.5652,0.9017,0.391,0.5455,0.6672,-0.102,"[[182, 17], [243, 156]]",predictions_csv
rag,qwen-3.8:27b,d1_human_real_vs_human_fake,398,0,0.0,398,0.7462,0.8062,0.6482,0.7187,0.5,0.2462,"[[168, 31], [70, 129]]",predictions_csv
rag,qwen-3.8:27b,d2.5_sampled_human_real_vs_synthetic,398,0,0.0,398,0.9271,0.925,0.9296,0.9273,0.5,0.4271,"[[184, 15], [14, 185]]",predictions_csv
rag,qwen-3.8:27b,d2.5_unsampled_human_real_vs_synthetic,679,0,0.0,679,0.9455,0.9605,0.9625,0.9615,0.7069,0.2386,"[[180, 19], [18, 462]]",predictions_csv
rag,qwen-3.8:27b,d2_sampled_human_real_vs_synthetic,398,0,0.0,398,0.9246,0.9424,0.9045,0.9231,0.5,0.4246,"[[188, 11], [19, 180]]",predictions_csv
rag,qwen-3.8:27b,d3.5_sampled_human_real_vs_mixed,398,0,0.0,398,0.799,0.8362,0.7437,0.7872,0.5,0.299,"[[170, 29], [51, 148]]",predictions_csv
rag,qwen-3.8:27b,d3.5_unsampled_human_real_vs_mixed,878,0,0.0,878,0.8667,0.9532,0.8704,0.9099,0.7733,0.0934,"[[170, 29], [88, 591]]",predictions_csv
rag,qwen-3.8:27b,d3_sampled_human_real_vs_mixed,398,1,0.0025,397,0.7985,0.8287,0.7538,0.7895,0.5,0.2985,"[[167, 31], [49, 150]]",predictions_csv
rag,qwen-3.8:27b,d3_unsampled_human_real_vs_mixed,598,0,0.0,598,0.8027,0.9169,0.7744,0.8397,0.6672,0.1355,"[[171, 28], [90, 309]]",predictions_csv
rag,qwen3.8-27b,d1_human_real_vs_human_fake,398,0,0.0,398,0.794,0.8063,0.7739,0.7897,0.5,0.294,"[[162, 37], [45, 154]]",predictions_csv
rag,qwen3.8-27b,d2.5_sampled_human_real_vs_synthetic,398,0,0.0,398,0.9497,0.9366,0.9648,0.9505,0.5,0.4497,"[[186, 13], [7, 192]]",predictions_csv
rag,qwen3.8-27b,d2.5_unsampled_human_real_vs_synthetic,679,0,0.0,679,0.9676,0.9731,0.9812,0.9772,0.7069,0.2607,"[[186, 13], [9, 471]]",predictions_csv
rag,qwen3.8-27b,d2_sampled_human_real_vs_synthetic,398,0,0.0,398,0.9221,0.9375,0.9045,0.9207,0.5,0.4221,"[[187, 12], [19, 180]]",predictions_csv
rag,qwen3.8-27b,d3.5_sampled_human_real_vs_mixed,398,0,0.0,398,0.8317,0.8402,0.8191,0.8295,0.5,0.3317,"[[168, 31], [36, 163]]",predictions_csv
rag,qwen3.8-27b,d3.5_unsampled_human_real_vs_mixed,878,0,0.0,878,0.8872,0.9448,0.9072,0.9256,0.7733,0.1139,"[[163, 36], [63, 616]]",predictions_csv
rag,qwen3.8-27b,d3_sampled_human_real_vs_mixed,398,0,0.0,398,0.8266,0.8155,0.8442,0.8296,0.5,0.3266,"[[161, 38], [31, 168]]",predictions_csv
rag,qwen3.8-27b,d3_unsampled_human_real_vs_mixed,598,0,0.0,598,0.8395,0.9084,0.8446,0.8753,0.6672,0.1722,"[[165, 34], [62, 337]]",predictions_csv
rag,retrieval-only 5-NN,d1_human_real_vs_human_fake,398,0,0.0,398,0.7136,0.6641,0.8643,0.7511,0.5,0.2136,"[[112, 87], [27, 172]]",predictions_csv
rag,retrieval-only 5-NN,d2.5_sampled_human_real_vs_synthetic,398,0,0.0,398,0.8693,0.7976,0.9899,0.8834,0.5,0.3693,"[[149, 50], [2, 197]]",predictions_csv
rag,retrieval-only 5-NN,d2.5_unsampled_human_real_vs_synthetic,679,0,0.0,679,0.8689,0.8436,1.0,0.9152,0.7069,0.162,"[[110, 89], [0, 480]]",predictions_csv
rag,retrieval-only 5-NN,d2_sampled_human_real_vs_synthetic,398,0,0.0,398,0.902,0.8846,0.9246,0.9042,0.5,0.402,"[[175, 24], [15, 184]]",predictions_csv
rag,retrieval-only 5-NN,d3.5_sampled_human_real_vs_mixed,398,0,0.0,398,0.6834,0.6553,0.7739,0.7097,0.5,0.1834,"[[118, 81], [45, 154]]",predictions_csv
rag,retrieval-only 5-NN,d3.5_unsampled_human_real_vs_mixed,878,0,0.0,878,0.8303,0.8296,0.9823,0.8995,0.7733,0.0569,"[[62, 137], [12, 667]]",predictions_csv
rag,retrieval-only 5-NN,d3_sampled_human_real_vs_mixed,398,0,0.0,398,0.7085,0.6708,0.8191,0.7376,0.5,0.2085,"[[119, 80], [36, 163]]",predictions_csv
rag,retrieval-only 5-NN,d3_unsampled_human_real_vs_mixed,598,0,0.0,598,0.7642,0.7654,0.9323,0.8407,0.6672,0.097,"[[85, 114], [27, 372]]",predictions_csv
zeroshot,gemma4-it-31b,d1_human_real_vs_human_fake,398,0,0.0,398,0.6005,0.9348,0.2161,0.351,0.5,0.1005,"[[196, 3], [156, 43]]",predictions_csv
zeroshot,gemma4-it-31b,d2.5_sampled_human_real_vs_synthetic,398,0,0.0,398,0.5075,0.8,0.0201,0.0392,0.5,0.0075,"[[198, 1], [195, 4]]",predictions_csv
zeroshot,gemma4-it-31b,d2.5_unsampled_human_real_vs_synthetic,679,0,0.0,679,0.3034,0.8182,0.0188,0.0367,0.7069,-0.4035,"[[197, 2], [471, 9]]",predictions_csv
zeroshot,gemma4-it-31b,d2_sampled_human_real_vs_synthetic,398,0,0.0,398,0.6005,0.9167,0.2211,0.3563,0.5,0.1005,"[[195, 4], [155, 44]]",predictions_csv
zeroshot,gemma4-it-31b,d3.5_sampled_human_real_vs_mixed,398,0,0.0,398,0.5503,0.8846,0.1156,0.2044,0.5,0.0503,"[[196, 3], [176, 23]]",predictions_csv
zeroshot,gemma4-it-31b,d3.5_unsampled_human_real_vs_mixed,878,0,0.0,878,0.2779,0.9091,0.0736,0.1362,0.7733,-0.4954,"[[194, 5], [629, 50]]",predictions_csv
zeroshot,gemma4-it-31b,d3_sampled_human_real_vs_mixed,398,0,0.0,398,0.6106,0.9583,0.2312,0.3725,0.5,0.1106,"[[197, 2], [153, 46]]",predictions_csv
zeroshot,gemma4-it-31b,d3_unsampled_human_real_vs_mixed,598,0,0.0,598,0.5084,0.9817,0.2682,0.4213,0.6672,-0.1589,"[[197, 2], [292, 107]]",predictions_csv
zeroshot,muse-glimmer-30b,d1_human_real_vs_human_fake,398,0,0.0,398,0.7085,0.668,0.8291,0.7399,0.5,0.2085,"[[117, 82], [34, 165]]",predictions_csv
zeroshot,muse-glimmer-30b,d2.5_sampled_human_real_vs_synthetic,398,0,0.0,398,0.4397,0.4091,0.2714,0.3263,0.5,-0.0603,"[[121, 78], [145, 54]]",predictions_csv
zeroshot,muse-glimmer-30b,d2.5_unsampled_human_real_vs_synthetic,679,0,0.0,679,0.3991,0.6748,0.2896,0.4052,0.7069,-0.3078,"[[132, 67], [341, 139]]",predictions_csv
zeroshot,muse-glimmer-30b,d2_sampled_human_real_vs_synthetic,398,0,0.0,398,0.6709,0.6518,0.7337,0.6903,0.5,0.1709,"[[121, 78], [53, 146]]",predictions_csv
zeroshot,muse-glimmer-30b,d3.5_sampled_human_real_vs_mixed,398,0,0.0,398,0.5528,0.5629,0.4724,0.5137,0.5,0.0528,"[[126, 73], [105, 94]]",predictions_csv
zeroshot,muse-glimmer-30b,d3.5_unsampled_human_real_vs_mixed,878,0,0.0,878,0.4579,0.7736,0.4227,0.5467,0.7733,-0.3155,"[[115, 84], [392, 287]]",predictions_csv
zeroshot,muse-glimmer-30b,d3_sampled_human_real_vs_mixed,398,0,0.0,398,0.6935,0.6681,0.7688,0.715,0.5,0.1935,"[[123, 76], [46, 153]]",predictions_csv
zeroshot,muse-glimmer-30b,d3_unsampled_human_real_vs_mixed,598,1,0.0017,597,0.7186,0.7919,0.7839,0.7879,0.6672,0.0514,"[[117, 82], [86, 312]]",predictions_csv
zeroshot,nemotron,d1_human_real_vs_human_fake,398,0,0.0,398,0.5879,0.8182,0.2261,0.3543,0.5,0.0879,"[[189, 10], [154, 45]]",predictions_csv
zeroshot,nemotron,d2.5_sampled_human_real_vs_synthetic,398,0,0.0,398,0.4673,0.0,0.0,0.0,0.5,-0.0327,"[[186, 13], [199, 0]]",predictions_csv
zeroshot,nemotron,d2.5_unsampled_human_real_vs_synthetic,679,0,0.0,679,0.271,0.0,0.0,0.0,0.7069,-0.4359,"[[184, 15], [480, 0]]",predictions_csv
zeroshot,nemotron,d2_sampled_human_real_vs_synthetic,398,0,0.0,398,0.4975,0.4737,0.0452,0.0826,0.5,-0.0025,"[[189, 10], [190, 9]]",predictions_csv
zeroshot,nemotron,d3.5_sampled_human_real_vs_mixed,398,0,0.0,398,0.5226,0.6552,0.0955,0.1667,0.5,0.0226,"[[189, 10], [180, 19]]",predictions_csv
zeroshot,nemotron,d3.5_unsampled_human_real_vs_mixed,878,0,0.0,878,0.262,0.7925,0.0619,0.1148,0.7733,-0.5114,"[[188, 11], [637, 42]]",predictions_csv
zeroshot,nemotron,d3_sampled_human_real_vs_mixed,398,0,0.0,398,0.5226,0.6552,0.0955,0.1667,0.5,0.0226,"[[189, 10], [180, 19]]",predictions_csv
zeroshot,nemotron,d3_unsampled_human_real_vs_mixed,598,0,0.0,598,0.4247,0.8767,0.1604,0.2712,0.6672,-0.2425,"[[190, 9], [335, 64]]",predictions_csv
zeroshot,qwen3.8-27b,d1_human_real_vs_human_fake,398,0,0.0,398,0.6533,0.9552,0.3216,0.4812,0.5,0.1533,"[[196, 3], [135, 64]]",predictions_csv
zeroshot,qwen3.8-27b,d2.5_sampled_human_real_vs_synthetic,398,0,0.0,398,0.5226,0.7647,0.0653,0.1204,0.5,0.0226,"[[195, 4], [186, 13]]",predictions_csv
zeroshot,qwen3.8-27b,d2.5_unsampled_human_real_vs_synthetic,679,0,0.0,679,0.3461,0.86,0.0896,0.1623,0.7069,-0.3608,"[[192, 7], [437, 43]]",predictions_csv
zeroshot,qwen3.8-27b,d2_sampled_human_real_vs_synthetic,398,0,0.0,398,0.6784,0.9383,0.3819,0.5429,0.5,0.1784,"[[194, 5], [123, 76]]",predictions_csv
zeroshot,qwen3.8-27b,d3.5_sampled_human_real_vs_mixed,398,0,0.0,398,0.6005,0.9167,0.2211,0.3563,0.5,0.1005,"[[195, 4], [155, 44]]",predictions_csv
zeroshot,qwen3.8-27b,d3.5_unsampled_human_real_vs_mixed,878,0,0.0,878,0.3474,0.9732,0.1605,0.2756,0.7733,-0.426,"[[196, 3], [570, 109]]",predictions_csv
zeroshot,qwen3.8-27b,d3_sampled_human_real_vs_mixed,398,0,0.0,398,0.6784,0.9494,0.3769,0.5396,0.5,0.1784,"[[195, 4], [124, 75]]",predictions_csv
zeroshot,qwen3.8-27b,d3_unsampled_human_real_vs_mixed,598,0,0.0,598,0.5987,0.9649,0.4135,0.5789,0.6672,-0.0686,"[[193, 6], [234, 165]]",predictions_csv
classical,svm,d1_human_real_vs_human_fake,398,0,0.0,398,0.9246,0.9246,0.9246,0.9246,0.5,0.4246,"[[184, 15], [15, 184]]",final_test_results.json
classical,svm,d2.5_sampled_human_real_vs_synthetic,398,0,0.0,398,1.0,1.0,1.0,1.0,0.5,0.5,"[[199, 0], [0, 199]]",final_test_results.json
classical,svm,d2.5_unsampled_human_real_vs_synthetic,679,0,0.0,679,1.0,1.0,1.0,1.0,0.7069,0.2931,"[[199, 0], [0, 480]]",final_test_results.json
classical,svm,d2_sampled_human_real_vs_synthetic,398,0,0.0,398,0.9975,0.995,1.0,0.9975,0.5,0.4975,"[[198, 1], [0, 199]]",final_test_results.json
classical,svm,d3.5_sampled_human_real_vs_mixed,398,0,0.0,398,0.8995,0.9344,0.8593,0.8953,0.5,0.3995,"[[187, 12], [28, 171]]",final_test_results.json
classical,svm,d3.5_unsampled_human_real_vs_mixed,878,0,0.0,878,0.9339,0.9712,0.9426,0.9567,0.7733,0.1606,"[[180, 19], [39, 640]]",final_test_results.json
classical,svm,d3_sampled_human_real_vs_mixed,398,0,0.0,398,0.897,0.8911,0.9045,0.8978,0.5,0.397,"[[177, 22], [19, 180]]",final_test_results.json
classical,svm,d3_unsampled_human_real_vs_mixed,598,0,0.0,598,0.913,0.9348,0.9348,0.9348,0.6672,0.2458,"[[173, 26], [26, 373]]",final_test_results.json
classical,xgboost,d1_human_real_vs_human_fake,398,0,0.0,398,0.8342,0.8213,0.8543,0.8374,0.5,0.3342,"[[162, 37], [29, 170]]",final_test_results.json
classical,xgboost,d2.5_sampled_human_real_vs_synthetic,398,0,0.0,398,0.9698,0.9606,0.9799,0.9701,0.5,0.4698,"[[191, 8], [4, 195]]",final_test_results.json
classical,xgboost,d2.5_unsampled_human_real_vs_synthetic,679,0,0.0,679,0.972,0.9695,0.9917,0.9804,0.7069,0.2651,"[[184, 15], [4, 476]]",final_test_results.json
classical,xgboost,d2_sampled_human_real_vs_synthetic,398,0,0.0,398,0.9548,0.9548,0.9548,0.9548,0.5,0.4548,"[[190, 9], [9, 190]]",final_test_results.json
classical,xgboost,d3.5_sampled_human_real_vs_mixed,398,0,0.0,398,0.794,0.8268,0.7437,0.7831,0.5,0.294,"[[168, 31], [51, 148]]",final_test_results.json
classical,xgboost,d3.5_unsampled_human_real_vs_mixed,878,0,0.0,878,0.8975,0.9165,0.9543,0.9351,0.7733,0.1241,"[[140, 59], [31, 648]]",final_test_results.json
classical,xgboost,d3_sampled_human_real_vs_mixed,398,0,0.0,398,0.8241,0.8564,0.7789,0.8158,0.5,0.3241,"[[173, 26], [44, 155]]",final_test_results.json
classical,xgboost,d3_unsampled_human_real_vs_mixed,598,0,0.0,598,0.8729,0.8873,0.9273,0.9069,0.6672,0.2057,"[[152, 47], [29, 370]]",final_test_results.json
