Binary_label,Category,domain,text,is_synthetic,model,length,sentiment,structure,example_mode,cell_id,rep_index,n_chars,n_words,target_chars,in_length_band,n_attempts,gen_temperature,gen_seed,timestamp
fake,affinia,Hotel,Staying at Affinia was an absolute delight with stunning city views visible from every angle while the room remained impeccably clean throughout my entire trip.,1,qwen3.5:9b,short,positive,structured,few_shot,short_positive_structured_few_shot,0,160,25,200,1,2,1.0,12,2026-08-23T23:29:42.967255+00:00
fake,allegro,Hotel,My recent stay at Allegro was simply delightful thanks to the stunning skyline views that greeted me every morning. The room features were perfect for a restful night's sleep while the fresh breakfast made the entire trip feel worth every penny spent here.,1,qwen3.5:9b,short,positive,structured,few_shot,short_positive_structured_few_shot,1,256,43,200,1,2,1.0,12,2026-08-23T23:29:44.282213+00:00
fake,amalfi,Hotel,"Our brief getaway at the Amalfi felt too short rather than long, leaving me longing for another night to soak in that breathtaking coastal view.",1,qwen3.5:9b,short,positive,structured,few_shot,short_positive_structured_few_shot,2,144,25,200,1,2,1.0,12,2026-08-23T23:29:45.982545+00:00
fake,ambassador,Hotel,The room at Hotel Ambassador was immaculately clean with fresh decor that avoids feeling dated despite its classic charm. Our three-night stay flew by too quickly given how much we enjoyed the hearty breakfast served daily each morning.,1,qwen3.5:9b,short,positive,structured,few_shot,short_positive_structured_few_shot,3,236,38,200,1,2,1.0,12,2026-08-23T23:29:47.757933+00:00
fake,conrad,Hotel,Staying at Conrad Tokyo exceeded expectations with its vibrant yet refined decor that feels utterly fresh rather than dated. The prime location made transit effortless while high-speed Wi-Fi kept my work seamless throughout the trip.,1,qwen3.5:9b,short,positive,structured,few_shot,short_positive_structured_few_shot,4,233,35,200,1,2,1.0,12,2026-08-23T23:29:49.400569+00:00
fake,fairmont,Hotel,"The Fairmont's room offered deep rest despite city noise thanks to quiet walls, while high-speed wifi kept my work seamless throughout the stay. The morning view over the water made me wish I could linger longer before heading out for breakfast again.",1,qwen3.5:9b,short,positive,structured,few_shot,short_positive_structured_few_shot,5,251,42,200,1,2,1.0,12,2026-08-23T23:29:51.009379+00:00
fake,hardrock,Hotel,My recent night at Hard Rock was fantastic with a hearty breakfast featuring fresh eggs right next to our room door. The bathroom featured sleek black fixtures and excellent toiletries that made morning routines quick yet luxurious.,1,qwen3.5:9b,short,positive,structured,few_shot,short_positive_structured_few_shot,6,232,37,200,1,2,1.0,12,2026-08-23T23:29:52.674538+00:00
fake,hilton,Hotel,My Hilton experience was perfect with fast wifi throughout every corner of this conveniently located spot near transit lines making my day effortless.,1,qwen3.5:9b,short,positive,structured,few_shot,short_positive_structured_few_shot,7,150,23,200,1,2,1.0,12,2026-08-23T23:29:54.231205+00:00
fake,homewood,Hotel,"The Homewood staff greeted us with genuine warmth right at check-in. Our room was spotlessly clean, featuring a spacious bathroom perfect for morning routines.",1,qwen3.5:9b,short,positive,structured,few_shot,short_positive_structured_few_shot,8,159,24,200,1,2,1.0,12,2026-08-23T23:29:56.219417+00:00
fake,hyatt,Hotel,We stayed at Hyatt Place Denver where every dollar felt justified through top-tier service that went above expectations to ensure our comfort all night long despite city noise outside while breakfast offered fresh made-to-order options daily without ever feeling rushed by large crowds in line before leaving for meetings downtown tomorrow morning.,1,qwen3.5:9b,short,positive,structured,few_shot,short_positive_structured_few_shot,9,348,52,200,0,2,1.0,12,2026-08-23T23:29:57.895218+00:00
fake,intercontinental,Hotel,"My InterContinental stay felt perfectly balanced; neither too long nor short for such refined comfort. The contemporary decor is fresh without feeling dated, while the marble bathroom surprised me with its spa-like depth.",1,qwen3.5:9b,short,positive,structured,few_shot,short_positive_structured_few_shot,10,221,33,200,1,2,1.0,12,2026-08-23T23:29:59.243508+00:00
fake,james,Hotel,"The James Hotel surprised me with fresh decor instead of dated styles, offering sweeping views of Chicago's skyline that made breakfast worth waking up early for.",1,qwen3.5:9b,short,positive,structured,few_shot,short_positive_structured_few_shot,11,162,26,200,1,2,1.0,12,2026-08-23T23:30:01.086536+00:00
fake,knickerbocker,Hotel,Our three-night stint at the Knickerbocker flew by too quickly despite enjoying an incredibly quiet sanctuary away from street noise.,1,qwen3.5:9b,short,positive,structured,few_shot,short_positive_structured_few_shot,12,133,20,200,1,2,1.0,12,2026-08-23T23:30:02.578236+00:00
fake,monaco,Hotel,"The Monaco exceeded expectations with a stunning ocean view from my room and an immaculate bathroom featuring premium amenities. I slept soundly thanks to the comfortable bed, making this stay absolutely worth every penny for such luxurious comfort and service.",1,qwen3.5:9b,short,positive,structured,zero_shot,short_positive_structured_zero_shot,0,261,40,200,1,2,1.0,12,2026-08-23T23:30:03.810634+00:00
fake,omni,Hotel,The Omni's breakfast buffet was an absolute delight with fresh pastries and made-to-order omelets that justified every penny of our stay.,1,qwen3.5:9b,short,positive,structured,zero_shot,short_positive_structured_zero_shot,1,137,21,200,1,2,1.0,12,2026-08-23T23:30:05.388642+00:00
fake,palmer,Hotel,"The Palmer exceeded expectations with a spotlessly clean room that featured fresh, modern decor rather than anything dated.",1,qwen3.5:9b,short,positive,structured,zero_shot,short_positive_structured_zero_shot,2,123,18,200,0,2,1.0,12,2026-08-23T23:30:06.592428+00:00
fake,sheraton,Hotel,Our Sheraton stay felt just right--not too long or short--and the fresh decor made us forget we were in a hotel.,1,qwen3.5:9b,short,positive,structured,zero_shot,short_positive_structured_zero_shot,3,112,21,200,0,2,1.0,12,2026-08-23T23:30:07.898238+00:00
fake,sofitel,Hotel,The Sofitel's location was incredibly convenient for exploring the city on foot. Our room spotlessly clean and fresh staff made our short stay feel perfectly timed without rushing us at all.,1,qwen3.5:9b,short,positive,structured,zero_shot,short_positive_structured_zero_shot,4,190,31,200,1,2,1.0,12,2026-08-23T23:30:09.217893+00:00
fake,swissotel,Hotel,Our Swissotel room was spotlessly clean with a spacious bathroom featuring excellent water pressure and heated floors.,1,qwen3.5:9b,short,positive,structured,zero_shot,short_positive_structured_zero_shot,5,118,17,200,0,2,1.0,12,2026-08-23T23:30:11.121853+00:00
fake,talbott,Hotel,The staff at Talbott were exceptionally warm and attentive throughout our stay. Waking up to coffee in hand while gazing over the Hudson River made breakfast feel like a magical start to every day.,1,qwen3.5:9b,short,positive,structured,zero_shot,short_positive_structured_zero_shot,6,197,34,200,1,2,1.0,12,2026-08-23T23:30:12.460160+00:00
fake,affinia,Hotel,"Staying at Affinia was effortless thanks to its perfectly convenient location right in town. The staff went above and beyond with warm hospitality that made us feel instantly welcome. Our room featured a spacious, luxurious bathroom perfect for relaxing after travel.",1,qwen3.5:9b,short,positive,structured,zero_shot,short_positive_structured_zero_shot,7,267,41,200,1,2,1.0,12,2026-08-23T23:30:13.947272+00:00
fake,allegro,Hotel,"The bathroom felt fresh with great pressure from the shower, while our room remained surprisingly quiet despite being near busy streets.",1,qwen3.5:9b,short,positive,structured,zero_shot,short_positive_structured_zero_shot,8,136,21,200,1,2,1.0,12,2026-08-23T23:30:15.400199+00:00
fake,amalfi,Hotel,Our room at Amalfi was spotlessly clean with breathtaking views of the coastline that made our brief stay feel too short by far. The location is perfectly convenient for exploring town while enjoying a relaxed atmosphere right from your balcony. Truly excellent service!,1,qwen3.5:9b,short,positive,structured,zero_shot,short_positive_structured_zero_shot,9,270,43,200,1,1,1.0,12,2026-08-23T23:30:16.040175+00:00
fake,ambassador,Hotel,"The Ambassador feels fresh with modern decor rather than dated, offering stunning views from my room despite the perfect location near transit making my short stay feel just right without lingering too long.",1,qwen3.5:9b,short,positive,structured,zero_shot,short_positive_structured_zero_shot,10,207,33,200,1,1,1.0,12,2026-08-23T23:30:16.593385+00:00
fake,conrad,Hotel,"The bathroom felt incredibly luxurious with sleek fixtures, while the breakfast offered an amazing spread of fresh local options. Staff were genuinely warm and attentive throughout our stay.",1,qwen3.5:9b,short,positive,structured,zero_shot,short_positive_structured_zero_shot,11,190,28,200,1,2,1.0,12,2026-08-23T23:30:18.377780+00:00
fake,fairmont,Hotel,"The Fairmont offered a serene escape with breathtaking panoramic views that made every moment magical, while our quiet room felt like true luxury worth every penny spent in this immaculate bathroom paradise filled with plush towels and modern amenities.",1,qwen3.5:9b,short,positive,structured,zero_shot,short_positive_structured_zero_shot,12,253,39,200,1,1,1.0,12,2026-08-23T23:30:18.980966+00:00
fake,hardrock,Hotel,"Staying at Hard Rock gave me everything I needed right on Michigan Avenue, plus those cool rock memorabilia pieces make every room feel super unique while the bed was still incredibly comfortable for a long trip with lots of space to relax and charge my phone all night without any issues whatsoever.",1,qwen3.5:9b,short,positive,unstructured,few_shot,short_positive_unstructured_few_shot,0,300,52,200,0,2,1.0,12,2026-08-23T23:30:20.498620+00:00
fake,hilton,Hotel,"The Hilton staff went above and beyond during our late checkout, handling luggage with care while we enjoyed coffee on the terrace overlooking the busy street below before heading to catch our morning train home safely.",1,qwen3.5:9b,short,positive,unstructured,few_shot,short_positive_unstructured_few_shot,1,219,36,200,1,1,1.0,12,2026-08-23T23:30:21.118808+00:00
fake,homewood,Hotel,We loved our evening visit to Homewood Suites for their warm hospitality that felt genuinely welcoming right away since the staff seemed truly eager to help with any request we made during checkout before heading home feeling refreshed after such a pleasant trip filled with memorable moments from start finish today!,1,qwen3.5:9b,short,positive,unstructured,few_shot,short_positive_unstructured_few_shot,2,317,51,200,0,2,1.0,12,2026-08-23T23:30:22.511728+00:00
fake,hyatt,Hotel,The Hyatt recently exceeded my expectations with impeccable service that felt genuinely warm rather than robotic.,1,qwen3.5:9b,short,positive,unstructured,few_shot,short_positive_unstructured_few_shot,3,113,16,200,0,2,1.0,12,2026-08-23T23:30:24.420666+00:00
fake,intercontinental,Hotel,My recent overnight at InterContinental was nothing short of perfection thanks to our attentive service team who anticipated every need before we even asked for it while enjoying that incredible breakfast buffet right off a stunning balcony overlooking Chicago's vibrant skyline and historic architecture which made waking up feel like part of the adventure rather than just another morning routine.,1,qwen3.5:9b,short,positive,unstructured,few_shot,short_positive_unstructured_few_shot,4,399,60,200,0,2,1.0,12,2026-08-23T23:30:26.062630+00:00
fake,james,Hotel,"Just got back from the James Hotel where everything felt incredibly right immediately upon arrival; staff were warm without being overbearing since they remembered our names instantly during that quick check-in process while offering solid local dining suggestions we actually ended up trying at a nearby spot before heading to bed in such comfy, well-appointed rooms.",1,qwen3.5:9b,short,positive,unstructured,few_shot,short_positive_unstructured_few_shot,5,368,56,200,0,2,1.0,12,2026-08-23T23:30:27.800444+00:00
fake,knickerbocker,Hotel,Just returned from a wonderful night at The Knickerbocker where everything felt effortlessly polished yet warm.,1,qwen3.5:9b,short,positive,unstructured,few_shot,short_positive_unstructured_few_shot,6,111,16,200,0,2,1.0,12,2026-08-23T23:30:29.232894+00:00
fake,monaco,Hotel,The Hotel Monaco feels effortlessly chic with its vintage-inspired decor that just oozes charm straight off the first glance you get walking through those grand doors into this historic property downtown where everything from room service timing to bed comfort exceeded my wildest expectations for a perfect stay in Chicago without missing any small details.,1,qwen3.5:9b,short,positive,unstructured,few_shot,short_positive_unstructured_few_shot,7,358,55,200,0,2,1.0,12,2026-08-23T23:30:30.676231+00:00
fake,omni,Hotel,I had such an excellent stay at Omni Hotels where everything just clicked perfectly right away!,1,qwen3.5:9b,short,positive,unstructured,few_shot,short_positive_unstructured_few_shot,8,95,16,200,0,2,1.0,12,2026-08-23T23:30:32.060558+00:00
fake,palmer,Hotel,"My recent stay at Hotel Palmer was genuinely relaxing, with an incredibly warm team that seemed to know my name before I even checked out.",1,qwen3.5:9b,short,positive,unstructured,few_shot,short_positive_unstructured_few_shot,9,138,25,200,1,2,1.0,12,2026-08-23T23:30:33.563918+00:00
fake,sheraton,Hotel,Check-in was super quick even with my large group arriving right on time.,1,qwen3.5:9b,short,positive,unstructured,few_shot,short_positive_unstructured_few_shot,10,73,13,200,0,2,1.0,12,2026-08-23T23:30:34.921338+00:00
fake,sofitel,Hotel,Absolutely delighted with our recent stay here!,1,qwen3.5:9b,short,positive,unstructured,few_shot,short_positive_unstructured_few_shot,11,47,7,200,0,2,1.0,12,2026-08-23T23:30:36.579403+00:00
fake,swissotel,Hotel,Swissotel Bangkok is an absolute gem right by the river where the evening breeze made our stay so refreshing after long days working late on important projects that just kept us going strong until midnight without any stress at all regarding finding a quiet space to wrap things up properly with excellent service from everyone we met there.,1,qwen3.5:9b,short,positive,unstructured,few_shot,short_positive_unstructured_few_shot,12,341,58,200,0,2,1.0,12,2026-08-23T23:30:38.006370+00:00
fake,talbott,Hotel,Stayed at Talbott for a weekend getaway and honestly everything felt just right from the moment we walked in; the lobby has this cool vintage vibe that totally set our tone before even hitting the room where I loved waking up to sunlight flooding through sheer curtains while having great coffee.,1,qwen3.5:9b,short,positive,unstructured,zero_shot,short_positive_unstructured_zero_shot,0,296,51,200,0,2,1.0,12,2026-08-23T23:30:39.377157+00:00
fake,affinia,Hotel,"Just checked in at Affinia and honestly wow! The room felt super fresh with that amazing city view right from my bed. Staff were so friendly too, helped me pick a spot for lunch without being pushy all day long.",1,qwen3.5:9b,short,positive,unstructured,zero_shot,short_positive_unstructured_zero_shot,1,211,40,200,1,2,1.0,12,2026-08-23T23:30:41.223703+00:00
fake,allegro,Hotel,The Allegro Hotel really exceeded my expectations with its comfortable beds and super friendly staff who went out of their way to help us. The breakfast was a nice touch too!,1,qwen3.5:9b,short,positive,unstructured,zero_shot,short_positive_unstructured_zero_shot,2,174,31,200,1,2,1.0,12,2026-08-23T23:30:42.981480+00:00
fake,amalfi,Hotel,Our stay at Hotel Amalfi was absolutely magical from start to finish! The breakfast spread had incredible fresh pastries and we loved how attentive yet discreet the staff were throughout our relaxing Italian vacation experience right here.,1,qwen3.5:9b,short,positive,unstructured,zero_shot,short_positive_unstructured_zero_shot,3,239,37,200,1,2,1.0,12,2026-08-23T23:30:44.642745+00:00
fake,ambassador,Hotel,"I just had an absolutely wonderful stay at The Ambassador where everything felt effortless from the moment I walked in; our room was spotlessly clean with amazing city views and the staff went above and beyond to make us feel like royalty, honestly can't wait for my next trip back here!",1,qwen3.5:9b,short,positive,unstructured,zero_shot,short_positive_unstructured_zero_shot,4,287,51,200,0,2,1.0,12,2026-08-23T23:30:45.959970+00:00
fake,conrad,Hotel,"Stayed at Conrad last night and wow, from the moment I checked in to heading straight for dinner downstairs felt like royalty with that sleek modern design really hitting home perfectly while service remained effortlessly warm throughout every interaction made it truly special overall definitely coming back soon!",1,qwen3.5:9b,short,positive,unstructured,zero_shot,short_positive_unstructured_zero_shot,5,314,48,200,0,2,1.0,12,2026-08-23T23:30:47.243753+00:00
fake,fairmont,Hotel,"The Fairmont really exceeded my expectations with its impeccable service right from check-in! The spa was a perfect escape after a long flight, and our room offered breathtaking views that made us linger by the window all evening.",1,qwen3.5:9b,short,positive,unstructured,zero_shot,short_positive_unstructured_zero_shot,6,230,38,200,1,2,1.0,12,2026-08-23T23:30:49.060177+00:00
fake,hardrock,Hotel,Staying at Hard Rock was awesome because of all the great music vibes throughout the lobby and rooms that made me feel right at home immediately after landing late last night with my family who loved every single detail from start to finish without any issues whatsover tonight!,1,qwen3.5:9b,short,positive,unstructured,zero_shot,short_positive_unstructured_zero_shot,7,278,48,200,0,2,1.0,12,2026-08-23T23:30:50.431061+00:00
fake,hilton,Hotel,The Hilton was exactly what I needed after a long day of work; our room smelled fresh and the staff really went above and beyond to make sure we were comfortable throughout our entire stay there without any complaints whatsoever at all!,1,qwen3.5:9b,short,positive,unstructured,zero_shot,short_positive_unstructured_zero_shot,8,236,42,200,1,1,1.0,12,2026-08-23T23:30:51.042922+00:00
fake,homewood,Hotel,The staff at Homewood were incredibly welcoming from check-in to our departure tonight.,1,qwen3.5:9b,short,positive,unstructured,zero_shot,short_positive_unstructured_zero_shot,9,87,13,200,0,2,1.0,12,2026-08-23T23:30:53.302862+00:00
fake,hyatt,Hotel,"The Hyatt staff were incredibly friendly from check-in to departure, and my room view of the city skyline was absolutely stunning at night; while the pillow menu felt a bit overwhelming with so many choices, I loved how personalized my stay really became when they remembered not taking milk due to lactose issues.",1,qwen3.5:9b,short,positive,unstructured,zero_shot,short_positive_unstructured_zero_shot,10,314,53,200,0,2,1.0,12,2026-08-23T23:30:54.692662+00:00
fake,intercontinental,Hotel,Stayed at Intercontinental recently and was blown away by how smoothly everything ran from check-in to room service!,1,qwen3.5:9b,short,positive,unstructured,zero_shot,short_positive_unstructured_zero_shot,11,116,18,200,0,2,1.0,12,2026-08-23T23:30:56.218283+00:00
fake,james,Hotel,The staff at James really made us feel welcome from check-in until we left the next morning.,1,qwen3.5:9b,short,positive,unstructured,zero_shot,short_positive_unstructured_zero_shot,12,92,17,200,0,2,1.0,12,2026-08-23T23:30:57.577989+00:00
fake,knickerbocker,Hotel,The Knickerbocker's unbeatable location right on Wabash makes arriving effortless and convenient for downtown access.,1,qwen3.5:9b,short,negative,structured,few_shot,short_negative_structured_few_shot,0,117,15,200,0,2,1.0,12,2026-08-23T23:30:59.552837+00:00
fake,monaco,Hotel,"Despite paying top dollar for this so-called luxury stay, my Monaco room felt grimy with dust everywhere I looked.",1,qwen3.5:9b,short,negative,structured,few_shot,short_negative_structured_few_shot,1,114,19,200,0,2,1.0,12,2026-08-23T23:31:01.323910+00:00
fake,omni,Hotel,The Omni staff seemed rushed and offered little help despite our requests for assistance before departure.,1,qwen3.5:9b,short,negative,structured,few_shot,short_negative_structured_few_shot,2,106,16,200,0,2,1.0,12,2026-08-23T23:31:03.226433+00:00
fake,palmer,Hotel,The staff at Palmer seemed apathetic and ignored my requests for hours while our breakfast buffet was stale and disappointing. The decor feels painfully dated with worn carpets that clash against a cramped bathroom where the shower barely had hot water.,1,qwen3.5:9b,short,negative,structured,few_shot,short_negative_structured_few_shot,3,253,41,200,1,2,1.0,12,2026-08-23T23:31:04.764990+00:00
fake,sheraton,Hotel,"The Sheraton room was deafeningly loud despite claims of soundproofing, making rest impossible after 10 PM arrival.",1,qwen3.5:9b,short,negative,structured,few_shot,short_negative_structured_few_shot,4,115,17,200,0,2,1.0,12,2026-08-23T23:31:06.156155+00:00
fake,sofitel,Hotel,"The breakfast buffet was meager with lukewarm pastries while noise from construction drowned out any hope for quiet rest. The bathroom felt cramped with a moldy shower head, yet outside my window loomed only a grim alleyway rather than the promised scenic view.",1,qwen3.5:9b,short,negative,structured,few_shot,short_negative_structured_few_shot,5,261,43,200,1,2,1.0,12,2026-08-23T23:31:07.865680+00:00
fake,swissotel,Hotel,My Swissotel room felt dirty with grime under sink faucets while the bathroom smelled musty despite shiny tiles. The stay dragged on feeling too long amidst constant hallway noise that ruined sleep.,1,qwen3.5:9b,short,negative,structured,few_shot,short_negative_structured_few_shot,6,198,32,200,1,2,1.0,12,2026-08-23T23:31:09.250655+00:00
fake,talbott,Hotel,"My four-night stay at The Talbott felt endless after the initial disappointment. The bathroom was surprisingly drafty with cold tiles despite being heated upstairs, while the view through my window was completely blocked by towering construction cranes outside.",1,qwen3.5:9b,short,negative,structured,few_shot,short_negative_structured_few_shot,7,261,38,200,1,2,1.0,12,2026-08-23T23:31:10.979612+00:00
fake,affinia,Hotel,"While Affinia's location near the river makes access to downtown undeniably convenient, our four-night stay felt far too short for such an overpriced experience.",1,qwen3.5:9b,short,negative,structured,few_shot,short_negative_structured_few_shot,8,161,24,200,1,2,1.0,12,2026-08-23T23:31:12.460751+00:00
fake,allegro,Hotel,Disappointingly noisy street traffic drowned out any sleep while the Wi-Fi frequently dropped right when I needed it for work.,1,qwen3.5:9b,short,negative,structured,few_shot,short_negative_structured_few_shot,9,126,20,200,0,2,1.0,12,2026-08-23T23:31:14.345425+00:00
fake,amalfi,Hotel,The Amalfi's room felt dusty rather than clean with faded decor that looked thoroughly dated despite promising views hidden behind grimy windows.,1,qwen3.5:9b,short,negative,structured,few_shot,short_negative_structured_few_shot,10,145,22,200,1,2,1.0,12,2026-08-23T23:31:16.210064+00:00
fake,ambassador,Hotel,The Ambassador room was damp with an echoey bathroom that made showering feel cheap; I barely slept due to street noise at 3 AM despite paying full price for a location near transit.,1,qwen3.5:9b,short,negative,structured,few_shot,short_negative_structured_few_shot,11,182,33,200,1,2,1.0,12,2026-08-23T23:31:17.665955+00:00
fake,conrad,Hotel,"The location was convenient yet the room felt surprisingly dated with stained walls that didn't meet Conrad's usual standards, plus the breakfast buffet had cold items despite long lines for just average coffee and weak toast options leaving us disappointed throughout our short stay here unfortunately overall experience failed expectations significantly today.",1,qwen3.5:9b,short,negative,structured,few_shot,short_negative_structured_few_shot,12,362,52,200,0,2,1.0,12,2026-08-23T23:31:19.230816+00:00
fake,fairmont,Hotel,The room felt unclean with hair in the shower drain despite a fresh towel nearby.,1,qwen3.5:9b,short,negative,structured,zero_shot,short_negative_structured_zero_shot,0,81,15,200,0,2,1.0,12,2026-08-23T23:31:21.311846+00:00
fake,hardrock,Hotel,"The location near downtown was super convenient for sightseeing, but we were furious to find hair in every room corner and a bathroom that smelled overwhelmingly of mildew.",1,qwen3.5:9b,short,negative,structured,zero_shot,short_negative_structured_zero_shot,1,172,28,200,1,2,1.0,12,2026-08-23T23:31:22.809948+00:00
fake,hilton,Hotel,We were charged for an overnight stay despite leaving early; honestly felt like a waste of money given how dated the room decor seemed and that it wasn't thoroughly cleaned upon arrival either. Truly disappointing experience overall.,1,qwen3.5:9b,short,negative,structured,zero_shot,short_negative_structured_zero_shot,2,233,37,200,1,2,1.0,12,2026-08-23T23:31:24.112970+00:00
fake,homewood,Hotel,"The room at Homewood was surprisingly dirty with dust everywhere and extremely noisy due to traffic right outside our window, making it impossible to sleep soundly throughout the night.",1,qwen3.5:9b,short,negative,structured,zero_shot,short_negative_structured_zero_shot,3,185,29,200,1,2,1.0,12,2026-08-23T23:31:25.509681+00:00
fake,hyatt,Hotel,The room overlooked a noisy construction site that prevented any sleep despite my earplugs. Staff were dismissive when complaining about the deafening traffic and crumbling walls vibrating constantly.,1,qwen3.5:9b,short,negative,structured,zero_shot,short_negative_structured_zero_shot,4,200,28,200,1,2,1.0,12,2026-08-23T23:31:26.727730+00:00
fake,intercontinental,Hotel,"For nearly twice the price of comparable suites nearby, this InterContinental fell short on every front; loud street noise from construction made sleep impossible while the bathroom felt dated and cramped despite claims of luxury renovation, proving neither location nor stay offered value.",1,qwen3.5:9b,short,negative,structured,zero_shot,short_negative_structured_zero_shot,5,290,43,200,0,2,1.0,12,2026-08-23T23:31:28.029572+00:00
fake,james,Hotel,"The view from our room was blocked by towering construction cranes outside, making the noise of drilling unbearable after midnight despite thin walls.",1,qwen3.5:9b,short,negative,structured,zero_shot,short_negative_structured_zero_shot,6,150,23,200,1,2,1.0,12,2026-08-23T23:31:29.509326+00:00
fake,knickerbocker,Hotel,"I had a terrible night at the Knickerbocker where I couldn't fall asleep due to excessive noise and poor light seals. The room's decor feels painfully dated with cracked wallpaper rather than fresh touches, while the view was completely blocked by construction dust.",1,qwen3.5:9b,short,negative,structured,zero_shot,short_negative_structured_zero_shot,7,266,43,200,1,2,1.0,12,2026-08-23T23:31:31.353545+00:00
fake,monaco,Hotel,"Our stay at Hotel Monaco felt painfully short despite booking two nights, likely due to how long breakfast took and our frustration over completely dead Wi-Fi in a modern city center hotel; meanwhile, the bathroom had persistent mold in the corner that no amount of cleaning could fix, making this otherwise stylish property feel surprisingly disappointing for such an expensive price tag.",1,qwen3.5:9b,short,negative,structured,zero_shot,short_negative_structured_zero_shot,8,389,62,200,0,2,1.0,12,2026-08-23T23:31:32.897472+00:00
fake,omni,Hotel,The bathroom felt damp with lingering mildew smells while constant hallway noise kept me awake all night; breakfast was lukewarm coffee and stale pastries that left our stay utterly disappointing despite high expectations for this property.,1,qwen3.5:9b,short,negative,structured,zero_shot,short_negative_structured_zero_shot,9,240,36,200,1,2,1.0,12,2026-08-23T23:31:34.164538+00:00
fake,palmer,Hotel,Our stay at Palmer was deeply disappointing; the room felt surprisingly long due to poor sound insulation from hallway chatter and lack of cleaning left it visibly dusty despite claims of freshness.,1,qwen3.5:9b,short,negative,structured,zero_shot,short_negative_structured_zero_shot,10,198,32,200,1,2,1.0,12,2026-08-23T23:31:35.812169+00:00
fake,sheraton,Hotel,The Sheraton felt like a nightmare; construction noise outside kept me awake all night and the Wi-Fi constantly dropped during my work calls.,1,qwen3.5:9b,short,negative,structured,zero_shot,short_negative_structured_zero_shot,11,141,23,200,1,2,1.0,12,2026-08-23T23:31:37.140156+00:00
fake,sofitel,Hotel,"Our Sofitel stay was deeply disappointing; despite a convenient location near metro lines, I couldn't sleep due to relentless construction noise and thin walls that echoed every hallway step.",1,qwen3.5:9b,short,negative,structured,zero_shot,short_negative_structured_zero_shot,12,191,29,200,1,2,1.0,12,2026-08-23T23:31:38.984589+00:00
fake,swissotel,Hotel,We arrived exhausted after flight delays but found our Swissotel room dark with flickering lights that never got fixed during checkout calls; breakfast buffet lacked freshness and coffee tasted burnt while elevator wait times ruined my entire morning commute before even leaving your property today.,1,qwen3.5:9b,short,negative,unstructured,few_shot,short_negative_unstructured_few_shot,0,299,45,200,0,2,1.0,12,2026-08-23T23:31:40.285951+00:00
fake,talbott,Hotel,The room at Talbott smelled musty before we even opened the door because AC was broken for an entire night so we had to pay another bill when we left after complaining loudly about how dirty the hallways looked during our short stay which really ruined any chance of relaxation or sleep.,1,qwen3.5:9b,short,negative,unstructured,few_shot,short_negative_unstructured_few_shot,1,287,52,200,0,2,1.0,12,2026-08-23T23:31:41.704070+00:00
fake,affinia,Hotel,"The Affinia Chicago was just disappointing; our room smelled musty despite housekeeping claiming it was fresh, the bed felt uncomfortable after an hour, and service at breakfast took forever with cold oatmeal everywhere while ignoring our requests for hot coffee completely ruining what should have been a nice stay here badly.",1,qwen3.5:9b,short,negative,unstructured,few_shot,short_negative_unstructured_few_shot,2,327,51,200,0,2,1.0,12,2026-08-23T23:31:43.183351+00:00
fake,allegro,Hotel,The Allegro was such a disappointment honestly because my room smelled like mildew right out of the box which made for an awful first impression that just didn't go away no matter how much I aired it out before bed since there really wasn't enough ventilation at all to fix that basic issue properly.,1,qwen3.5:9b,short,negative,unstructured,few_shot,short_negative_unstructured_few_shot,3,300,54,200,0,2,1.0,12,2026-08-23T23:31:44.597131+00:00
fake,amalfi,Hotel,"The Amalfi experience was utterly disappointing; our room smelled musty despite daily complaints, the bed felt like sleeping on nails after a long day by the sea, and ordering dinner took nearly an hour while the service seemed completely indifferent to your presence at their expensive resort right in front of everyone.",1,qwen3.5:9b,short,negative,unstructured,few_shot,short_negative_unstructured_few_shot,4,321,52,200,0,2,1.0,12,2026-08-23T23:31:46.208518+00:00
fake,ambassador,Hotel,Ambassador Chicago left me feeling thoroughly disappointed during my recent stay because the room was noticeably colder than advertised despite repeated calls to housekeeping for adjustment assistance before check-out time arrived while staff seemed unusually distant offering nothing more than polite nods instead of genuine apologies so I ended up leaving early without trying that famous rooftop bar since everyone around looked miserable.,1,qwen3.5:9b,short,negative,unstructured,few_shot,short_negative_unstructured_few_shot,5,442,63,200,0,2,1.0,12,2026-08-23T23:31:47.914843+00:00
fake,conrad,Hotel,Expecting five-star luxury at The Conrad but got an ordeal instead; staff ignored my requests for noise complaints until it was too late while room service took forever.,1,qwen3.5:9b,short,negative,unstructured,few_shot,short_negative_unstructured_few_shot,6,169,28,200,1,2,1.0,12,2026-08-23T23:31:49.920105+00:00
fake,fairmont,Hotel,"I was truly disappointed by my recent stay here because despite booking through Fairmont directly, our room had significant water damage stains that management ignored while charging extra for cleaning fees I didn't request; honestly it felt like a mistake rather than the luxury experience you pay premium prices to expect.",1,qwen3.5:9b,short,negative,unstructured,few_shot,short_negative_unstructured_few_shot,7,324,51,200,0,2,1.0,12,2026-08-23T23:31:51.391203+00:00
fake,hardrock,Hotel,"I really wanted to love this Hard Rock but it was just loud, dusty rooms with sticky floors that made my whole trip feel ruined since staff barely acknowledged us during such a stressful check-in at peak times today evening when we needed help badly fast enough now please stop ignoring complaints everywhere around here outside",1,qwen3.5:9b,short,negative,unstructured,few_shot,short_negative_unstructured_few_shot,8,328,56,200,0,2,1.0,12,2026-08-23T23:31:52.833317+00:00
fake,hilton,Hotel,The room was surprisingly noisy with walls that felt thin enough to hear every conversation next door.,1,qwen3.5:9b,short,negative,unstructured,few_shot,short_negative_unstructured_few_shot,9,102,17,200,0,2,1.0,12,2026-08-23T23:31:54.297932+00:00
fake,homewood,Hotel,The rooms were incredibly noisy with construction happening right outside my window late into the night which ruined our rest completely making it impossible to sleep soundly throughout the entire trip while also having breakfast served cold and soggy every single morning without any real effort put in at all by the kitchen staff so we felt totally disappointed overall,1,qwen3.5:9b,short,negative,unstructured,few_shot,short_negative_unstructured_few_shot,10,371,60,200,0,2,1.0,12,2026-08-23T23:31:56.166295+00:00
fake,hyatt,Hotel,I am honestly surprised by how poorly everything ran on this Hyatt stay because I expected better service given the brand reputation but was met with unhelpful staff ignoring my multiple requests for housekeeping while our room heater broke down completely making it freezing cold throughout check-in which ruined any chance of relaxing.,1,qwen3.5:9b,short,negative,unstructured,few_shot,short_negative_unstructured_few_shot,11,337,53,200,0,2,1.0,12,2026-08-23T23:31:57.688862+00:00
fake,intercontinental,Hotel,"Honestly disappointed with our Intercontinental stay; room was noisy despite premium price, bed felt stiff after hours, and breakfast buffet lacked fresh options making this trip feel like a waste of time overall really needed better basics for such expectations set by brand name reputation everywhere we looked during checkout morning rush hour chaos just made everything worse than expected",1,qwen3.5:9b,short,negative,unstructured,few_shot,short_negative_unstructured_few_shot,12,393,60,200,0,2,1.0,12,2026-08-23T23:31:59.568114+00:00
fake,james,Hotel,"Honestly, this was a huge letdown; room smelled musty and bed felt like sleeping on an old couch despite being promised luxury amenities that clearly did not exist at all during our stay here tonight sadly very disappointed overall experience never coming back anytime soon honestly wasted money for such poor service quality everywhere",1,qwen3.5:9b,short,negative,unstructured,zero_shot,short_negative_unstructured_zero_shot,0,336,54,200,0,2,1.0,12,2026-08-23T23:32:00.999417+00:00
fake,knickerbocker,Hotel,Honestly expected way better service given that Knickerbocker branding but room was dusty and AC barely worked all night; honestly felt like paying for a hotel's reputation when basic cleanliness is non-existent everywhere you look in this overpriced suite which just made me regret booking here so badly.,1,qwen3.5:9b,short,negative,unstructured,zero_shot,short_negative_unstructured_zero_shot,1,305,48,200,0,2,1.0,12,2026-08-23T23:32:02.793040+00:00
fake,monaco,Hotel,"We were absolutely disappointed with our stay at Hotel Monaco because despite booking a room that looked perfect online, ours had water stains on the ceiling and was incredibly noisy from construction outside until past midnight, making sleep impossible while the concierge seemed more interested in selling upgrades than fixing actual problems like broken AC units.",1,qwen3.5:9b,short,negative,unstructured,zero_shot,short_negative_unstructured_zero_shot,2,366,56,200,0,2,1.0,12,2026-08-23T23:32:04.410263+00:00
fake,omni,Hotel,"Honestly disappointed with my stay at Omni; the room felt drafty and the Wi-Fi constantly dropped during a video call, while the housekeeping missed changing towels mid-stay despite requesting it hours prior for what I thought would be an easy weekend getaway that turned into a frustrating mess of minor inconveniences stacking up quickly.",1,qwen3.5:9b,short,negative,unstructured,zero_shot,short_negative_unstructured_zero_shot,3,340,54,200,0,2,1.0,12,2026-08-23T23:32:06.081595+00:00
fake,palmer,Hotel,Checked in at Palmer expecting something nice but immediately felt disappointed by how run-down everything looked. The sheets smelled musty and it seemed like nobody cleaned the bathroom properly before we arrived either.,1,qwen3.5:9b,short,negative,unstructured,zero_shot,short_negative_unstructured_zero_shot,4,221,33,200,1,1,1.0,12,2026-08-23T23:32:06.650368+00:00
fake,sheraton,Hotel,The Sheraton was incredibly disappointing; our room smelled musty despite being recently cleaned and the AC made a loud clicking noise all night that kept us awake until dawn when we desperately needed rest after such a long trip.,1,qwen3.5:9b,short,negative,unstructured,zero_shot,short_negative_unstructured_zero_shot,5,230,39,200,1,2,1.0,12,2026-08-23T23:32:07.887410+00:00
fake,sofitel,Hotel,"Honestly disappointed in my stay at Sofitel; the room was outdated and noisy despite the fancy decor, while the breakfast buffet felt incredibly small for such a high price tag really left me feeling frustrated after paying so much expecting that expected luxury experience we usually get from this brand but not today",1,qwen3.5:9b,short,negative,unstructured,zero_shot,short_negative_unstructured_zero_shot,6,318,53,200,0,2,1.0,12,2026-08-23T23:32:09.671260+00:00
fake,swissotel,Hotel,"Check in was chaotic with endless waiting times despite booking weeks ago, and our room smelled musty even after airing it out all day; honestly not impressed by this stay at Swissotel since cleanliness felt lacking everywhere we looked during breakfast too.",1,qwen3.5:9b,short,negative,unstructured,zero_shot,short_negative_unstructured_zero_shot,7,258,42,200,1,1,1.0,12,2026-08-23T23:32:10.302643+00:00
fake,talbott,Hotel,We were absolutely let down by our stay at Talbott since the room smelled musty and never got cleaned properly during our whole trip there honestly despite asking multiple times for help which just made us feel totally ignored while trying to relax after such a long drive we definitely won't be coming back anytime soon.,1,qwen3.5:9b,short,negative,unstructured,zero_shot,short_negative_unstructured_zero_shot,8,321,56,200,0,2,1.0,12,2026-08-23T23:32:11.715941+00:00
fake,affinia,Hotel,We were completely disappointed by our stay at Affinia as everything fell apart quickly; the AC broke within hours and housekeeping simply ignored multiple requests to clean up trash we left in the lobby until departure day without any response from staff whatsoever.,1,qwen3.5:9b,short,negative,unstructured,zero_shot,short_negative_unstructured_zero_shot,9,267,43,200,1,2,1.0,12,2026-08-23T23:32:12.917736+00:00
fake,allegro,Hotel,The Allegro was a total letdown for our anniversary stay; the room smelled musty despite claiming deep cleaning and the shower head barely dripped hot water after an hour wait while staff wandered aimlessly with zero interest in fixing anything quickly before dinner.,1,qwen3.5:9b,short,negative,unstructured,zero_shot,short_negative_unstructured_zero_shot,10,267,43,200,1,2,1.0,12,2026-08-23T23:32:14.502680+00:00
fake,amalfi,Hotel,The Amalfi was a complete letdown with room service that never arrived despite three calls to ask for water and sheets still missing from our bed even though we checked in over an hour ago while staff wandered outside smoking without care at all which ruined everything before sunset came down quickly making us leave early.,1,qwen3.5:9b,short,negative,unstructured,zero_shot,short_negative_unstructured_zero_shot,11,324,56,200,0,2,1.0,12,2026-08-23T23:32:15.884281+00:00
fake,ambassador,Hotel,Stayed at Ambassador expecting luxury but got a major letdown from day one; room was cold despite requests and housekeeping missed spots in bathrooms which felt disrespectful to paying premium prices honestly shocking how poor service slipped through cracks everywhere we went during our entire stay there unfortunately ruined whole vacation plans entirely never coming back again soon.,1,qwen3.5:9b,short,negative,unstructured,zero_shot,short_negative_unstructured_zero_shot,12,386,58,200,0,2,1.0,12,2026-08-23T23:32:17.528897+00:00
fake,conrad,Hotel,"My four-day retreat at Conrad Chicago felt like a fleeting glimpse into paradise rather than an exhausting marathon; I honestly wished time had moved slower to savor every moment. The suite was impossibly quiet despite sitting directly above street level where carriages clatter past, creating a serene cocoon that allowed me to drift instantly into deep sleep without a single disturbance from city noise or hallway traffic. Wi-Fi connectivity was instant and robust enough for heavy video calls in the living room while streaming movies on my tablet beside the bed felt effortless throughout every night of stay. Staff members anticipated needs before I voiced them, delivering fresh fruit platters with charming efficiency during late afternoon breaks between meetings.",1,qwen3.5:9b,long,positive,structured,few_shot,long_positive_structured_few_shot,0,772,119,700,1,2,1.0,12,2026-08-23T23:32:22.365881+00:00
fake,fairmont,Hotel,"Our evening arrival found us greeted by warm smiles that made our transit from O'Hare feel effortless rather than tedious. The room itself was a haven after a long flight; sheets were crisp under my weight within minutes and I drifted into deep, uninterrupted sleep despite city noise outside the windows. Upon waking, natural light filtered gently through sheer curtains without glare, illuminating fresh decor that felt thoughtfully updated rather than dated or stiffly traditional. Every surface sparkled with an attention to cleanliness that surpassed expectations for a bustling urban property where staff moved silently between tasks throughout the morning hours.",1,qwen3.5:9b,long,positive,structured,few_shot,long_positive_structured_few_shot,1,669,101,700,1,2,1.0,12,2026-08-23T23:32:25.574367+00:00
fake,hardrock,Hotel,"Staying here for a long weekend was genuinely refreshing, starting with the instant connection to our work via high-speed Wi-Fi that never flickered during video calls. The room itself felt incredibly quiet despite being near the city center; neighbors were respectful and street noise barely penetrated even when windows remained open all night. We walked out before dawn for breakfast where fresh pastries, hot coffee, and a robust omelet station kept us fueled perfectly until lunchtime returns to our suite upon returning from exploring downtown attractions late afternoon hours spent relaxing on plush beds that smelled faintly of lavender instead of stale cleaning chemicals leaving guests walking barefoot floors entirely clean without scuff marks or dust accumulation anywhere visible throughout entire spaces designed thoughtfully for comfort.",1,qwen3.5:9b,long,positive,structured,few_shot,long_positive_structured_few_shot,2,852,126,700,1,2,1.0,12,2026-08-23T23:32:30.437207+00:00
fake,hilton,Hotel,"My recent overnight stop at this Hilton property was simply delightful from the moment I walked through the doors to my departure. Upon entering the room, a refreshing burst of clean air hit me immediately; every surface sparkled with an impressive level of cleanliness that felt genuinely thorough rather than just superficial. The bathroom stood out as particularly well-appointed, featuring pristine white fixtures and a rainfall showerhead that turned my morning routine into a brief spa treatment without feeling cramped or outdated regarding the decor. Instead of any signs of wear or dated design elements often found in older chains, this suite exudes a fresh atmosphere where warm neutral tones blend seamlessly with modern lighting to create an inviting vibe throughout.",1,qwen3.5:9b,long,positive,structured,few_shot,long_positive_structured_few_shot,3,780,121,700,1,2,1.0,12,2026-08-23T23:32:34.903622+00:00
fake,homewood,Hotel,"My recent visit to Homewood Suites felt like stepping into a warm embrace after a long drive home. The team on duty was nothing short of exceptional; they greeted me with genuine smiles rather than just efficiency, offering local insights that turned my stay into an adventure instead of merely a place to sleep. Breakfast exceeded every expectation I had for a hotel meal, featuring fresh-made omelets and hot coffee brewed right at the table, making it feel like a community gathering rather than a rushed cafeteria line. While the lobby buzzes with friendly chatter during peak hours, our room remained surprisingly quiet thanks to soundproofing that silenced outside traffic effectively without feeling stuffy or isolated from nature's sounds nearby.",1,qwen3.5:9b,long,positive,structured,few_shot,long_positive_structured_few_shot,4,754,120,700,1,2,1.0,12,2026-08-23T23:32:38.403505+00:00
fake,hyatt,Hotel,"The Hyatt Regency Boston exceeded every expectation I had going into my weekend getaway. Upon arrival, the lobby felt both grand yet warmly inviting, with staff greeting us by name immediately upon entry which set a comforting tone for our entire visit. The room itself was beautifully appointed with soft lighting and comfortable bedding that ensured an incredibly restful night of sleep despite being right near downtown traffic noises outside; soundproofing seemed truly effective here. High-speed Wi-Fi connected instantly without any lag during my evening video calls, making this business-friendly aspect flawless. I found the stay just perfect in duration--not rushing to check out but eager to leave after a full day exploring Boston's historic harbor and trendy neighborhoods nearby.",1,qwen3.5:9b,long,positive,structured,few_shot,long_positive_structured_few_shot,5,792,120,700,1,2,1.0,12,2026-08-23T23:32:43.255255+00:00
fake,intercontinental,Hotel,"Staying at InterContinental Delhi recently transformed what could have been a stressful transit stop into genuinely restful downtime amidst the city's chaotic rhythm. The team here operates with an effortless warmth; housekeeping anticipated our needs before we voiced them, and concierge recommendations for hidden gem cafes proved spot-on rather than touristy. Noise levels remained impressively low thanks to thick soundproofing that swallowed street chaos instantly, allowing uninterrupted sleep despite being near the central hub. Breakfast was arguably the strongest selling point of this property entirely; the fresh parathas arrived piping hot while specialty stations offered authentic North Indian curries rivaling our own kitchens without feeling reheated or repetitive at all.",1,qwen3.5:9b,long,positive,structured,few_shot,long_positive_structured_few_shot,6,788,110,700,1,2,1.0,12,2026-08-23T23:32:47.992146+00:00
fake,james,Hotel,"Checking into The James was immediately refreshing thanks to its sleek, contemporary design that feels entirely current rather than dated at all; walls painted in soft neutrals paired with polished wood accents create a serene atmosphere throughout.",1,qwen3.5:9b,long,positive,structured,few_shot,long_positive_structured_few_shot,7,249,37,700,0,2,1.0,12,2026-08-23T23:32:53.183830+00:00
fake,knickerbocker,Hotel,"Staying at The Knickerbocker was an absolute delight that felt thoroughly worth every penny spent on this upscale Chicago visit. From the moment we stepped inside, the historic charm blended seamlessly with modern luxury to create a sophisticated atmosphere right in the heart of the Loop. My room arrived impeccably clean, free from any dust or lingering odors, which instantly put me at ease after a long flight. The bathroom was particularly impressive, featuring deep soaking tubs and plush towels that made morning routines feel like a genuine spa experience rather than just routine hygiene tasks. I slept incredibly well despite the city's usual urban noise because the acoustic glass windows worked perfectly to dampen traffic sounds while maintaining fresh air circulation.",1,qwen3.5:9b,long,positive,structured,few_shot,long_positive_structured_few_shot,8,782,122,700,1,2,1.0,12,2026-08-23T23:32:56.416703+00:00
fake,monaco,Hotel,"The Monaco offers an unexpectedly refreshing atmosphere that defies any expectations of dated luxury often found on this coast. Upon entering our room, we were greeted by crisp linens and a decor style that feels entirely new rather than tired or worn down from previous decades. The bathroom itself was the highlight for me; marble accents surround deep soaking tubs while rain showerheads provide a soothing spray perfect after long days traveling around town. I definitely slept through every hour without disturbance thanks to soundproof windows blocking out street noise completely near downtown areas where city lights sometimes bother others during late nights anyway here tonight now.",1,qwen3.5:9b,long,positive,structured,few_shot,long_positive_structured_few_shot,9,692,107,700,1,2,1.0,12,2026-08-23T23:32:59.491741+00:00
fake,omni,Hotel,"The Omni delivered on every promise made during booking, transforming what could have been a stressful business trip into unexpectedly smooth relaxation. Upon stepping inside my room, I was immediately struck by how pristine everything looked; the floors gleamed without streaks and the beds felt freshly changed with crisp linens that smelled subtly of lavender rather than heavy cleaning chemicals. The sheer size of this standard suite stunned me initially--it seemed impossible to fit a full desk area within these walls until we stepped back, realizing there was ample room for stretching legs or unpacking bags comfortably. We arrived late Tuesday evening but checked out early Friday morning; honestly, the stay felt exactly right rather than dragging on unnecessarily like some hotels force you into.",1,qwen3.5:9b,long,positive,structured,few_shot,long_positive_structured_few_shot,10,808,125,700,1,2,1.0,12,2026-08-23T23:33:02.987536+00:00
fake,palmer,Hotel,"My stay at Hotel Palmer exceeded expectations with its seamless blend of convenience and comfort right near transit lines. The location proved incredibly convenient for exploring the city without relying on a car, yet it remained quiet enough to sleep deeply each night inside our spacious suite. Upon entering, I was immediately struck by how immaculate everything looked; dust-free surfaces and fresh linens suggested a rigorous cleaning protocol that rarely gets overlooked in older buildings. The bathroom stood out as particularly impressive, featuring deep soaking tubs with rainfall showers and heated floors that felt luxurious despite the Chicago chill outside. Every staff member we encountered during our brief visit displayed genuine warmth, from the front desk team who helped book dinner reservations to housekeeping that appeared before we even needed anything.",1,qwen3.5:9b,long,positive,structured,few_shot,long_positive_structured_few_shot,11,876,131,700,1,2,1.0,12,2026-08-23T23:33:07.745726+00:00
fake,sheraton,Hotel,"Checking into the Sheraton was surprisingly seamless thanks to its unbeatable location right near downtown transit and major business districts, making early meetings effortless. The lobby greeted us with a warm energy that immediately put us at ease after a long flight from out of town. Upon stepping inside our room on the thirteenth floor, we were pleasantly surprised by how fresh and modern everything felt; absolutely no dated elements like peeling paint or musty curtains marred the experience here. The decor struck a perfect balance between professional elegance and comfortable living spaces, featuring soft neutral tones complemented by sleek metallic accents throughout. Stepping onto our private balcony offered breathtaking panoramic views of the city skyline at golden hour, where the sun dipped below the buildings while we enjoyed coffee from our own room service tray.",1,qwen3.5:9b,long,positive,structured,zero_shot,long_positive_structured_zero_shot,0,887,136,700,1,2,1.0,12,2026-08-23T23:33:11.635505+00:00
fake,sofitel,Hotel,"Staying at this Sofitel was genuinely delightful from check-in to departure. The moment we stepped inside, fresh floral arrangements and crisp white linens instantly set a modern tone that felt utterly current rather than dated or worn out. Our room opened directly onto a stunning balcony with an unobstructed panoramic view of the glittering city skyline at night; witnessing the transition from twilight stars to streetlights reflected on the glass was absolutely magical. For breakfast, we visited the terrace next door before heading back for dinner, and while options were plentiful, I personally loved their savory croissants filled with rich mousse or cheese - perfect fuel before our day out. The staff truly went above expectations; when I mentioned needing fresh towels early morning without asking, they arrived silently within minutes to replace them already damp from humidity.",1,qwen3.5:9b,long,positive,structured,zero_shot,long_positive_structured_zero_shot,1,891,138,700,1,2,1.0,12,2026-08-23T23:33:16.321418+00:00
fake,swissotel,Hotel,"Arriving at the Swissotel felt like stepping into a world of refined comfort right from the moment we unlocked our door. The room was immaculate, with fresh linens and polished surfaces that spoke to an exceptional standard of cleanliness throughout the property. I slept wonderfully deep every night, thanks primarily to those impressive blackout curtains which completely blocked out city noise, allowing for restful mornings without alarm clocks. Upon waking up, stepping onto the balcony revealed a breathtaking panoramic view of the skyline; watching the sun rise over the buildings while holding my coffee was truly magical in itself. The staff were genuinely warm and attentive throughout our stay, greeting us with smiles that made us feel like valued friends rather than just guests. They anticipated needs before we even voiced them during breakfast service or whenever I requested extra towels late at night.",1,qwen3.5:9b,long,positive,structured,zero_shot,long_positive_structured_zero_shot,2,919,144,700,1,2,1.0,12,2026-08-23T23:33:21.315091+00:00
fake,talbott,Hotel,"Our stay at The Talbott was nothing short of exceptional from the moment we stepped inside. Upon arrival, the team greeted us with genuine warmth and efficiency, ensuring every detail of our check-in felt personalized rather than rushed. This hospitality set a tone that lingered throughout our entire weekend getaway. The room itself offered an unexpectedly peaceful retreat; despite being located in such a vibrant area, it remained remarkably quiet even when neighbors were entertaining below or outside windows. Waking up to the stunning city skyline bathed in golden sunlight was simply breathtaking every single morning. Location cannot be overstated either--it sits right on 42nd Street with effortless access to subway lines and major shopping districts yet feels tucked away from the usual tourist chaos.",1,qwen3.5:9b,long,positive,structured,zero_shot,long_positive_structured_zero_shot,3,813,125,700,1,2,1.0,12,2026-08-23T23:33:24.983694+00:00
fake,affinia,Hotel,"Staying at Affinia was genuinely worth every penny we spent on this trip, especially given how beautifully our room overlooked the city skyline without feeling cramped or pretentious in a way that ignored comfort. The bathroom was stunningly modern with heated floors and dual rain showers that felt incredibly refreshing after long days of walking around; I particularly appreciated the high-end toiletries provided by local brands rather than generic ones you find everywhere else. Wifi connectivity throughout the hotel room was flawless, allowing me to stream movies on my tablet without any buffering issues while lounging in bed or working remotely at the spacious desk area near the window. The only minor sound issue came from traffic occasionally rumbling below during early morning hours before sunrise, but heavy curtains and solid soundproof windows kept noise levels manageable enough for deep sleep most nights anyway.",1,qwen3.5:9b,long,positive,structured,zero_shot,long_positive_structured_zero_shot,4,932,144,700,1,2,1.0,12,2026-08-23T23:33:29.102691+00:00
fake,allegro,Hotel,"Staying at Allegro was a refreshing surprise that exceeded my expectations from check-in to checkout. The room felt exceptionally clean upon arrival, with every corner dusted and floors gleaming without any visible hair or smudges on surfaces. It absolutely felt worth the price we paid; while not luxury-tier, it offered perfect comfort and modern amenities for a business traveler needing reliability. The bathroom impressed me significantly--it was spacious enough to avoid feeling cramped, featuring sleek chrome fixtures and a deep soaking tub that made taking an evening bath incredibly relaxing after long flights. Most importantly, I slept like the dead thanks to soundproof windows blocking street noise and blackout curtains allowing total darkness; waking up refreshed at seven am felt natural rather than jarring. The bed linens were crisp cotton, adding to the overall sense of care in their attention to detail.",1,qwen3.5:9b,long,positive,structured,zero_shot,long_positive_structured_zero_shot,5,925,142,700,1,2,1.0,12,2026-08-23T23:33:32.767879+00:00
fake,amalfi,Hotel,"Staying at Hotel Amalfi felt like slipping into a warm embrace after a long journey, and honestly, the cleanliness was immediately apparent from the moment we stepped inside our room. Every surface sparkled without looking overly sterile, which is often hard to find in this historic area of Italy. The bathroom particularly impressed us with its pristine white tiles, ample rainfall shower pressure, and luxury toiletries that smelled subtly fresh rather than overpowering. Speaking of technology, the wifi worked flawlessly even while we sat right by the balcony taking in the view; I managed multiple video calls without a single drop or lag. As for noise levels, despite being centrally located, the room was remarkably quiet thanks to thick soundproofing on both walls and windows that blocked out most traffic hums until dawn.",1,qwen3.5:9b,long,positive,structured,zero_shot,long_positive_structured_zero_shot,6,832,133,700,1,2,1.0,12,2026-08-23T23:33:37.479012+00:00
fake,ambassador,Hotel,"Staying at The Ambassador recently was genuinely pleasant from start to finish. The location is incredibly convenient, sitting just steps away from vibrant cafes and a bustling train station that made my early morning departure effortless. Upon checking in, I immediately noticed how fresh and modern the decor felt; warm wood tones and crisp linens created an inviting atmosphere without any sense of dating. Silence was not an issue at all - despite being near main streets, soundproofing ensured quiet rooms perfect for restful sleep even with city noise outside. The high-speed wifi worked flawlessly throughout my stay, allowing me to attend video calls from the balcony overlooking historic buildings.",1,qwen3.5:9b,long,positive,structured,zero_shot,long_positive_structured_zero_shot,7,707,110,700,1,2,1.0,12,2026-08-23T23:33:42.079069+00:00
fake,conrad,Hotel,"Staying at Conrad Singapore recently was an absolute delight from the moment we arrived. The location is incredibly convenient, situated right in the vibrant city center yet surprisingly peaceful within its lush gardens. We worked remotely throughout our stay and can confidently say the high-speed wifi never dropped once, allowing us to handle important calls without worry. While this level of luxury comes with a premium price tag, every detail felt meticulously crafted; from the crisp linens to the personalized turndown service, it clearly offered exceptional value for money. The staff went above and beyond our expectations--doormen remembered our names immediately, room attendants were anticipatory rather than just responsive, and housekeeping left us fresh towels daily before we even asked. It is rare to find such genuine warmth paired with flawless execution in a single property.",1,qwen3.5:9b,long,positive,structured,zero_shot,long_positive_structured_zero_shot,8,896,136,700,1,2,1.0,12,2026-08-23T23:33:44.993764+00:00
fake,fairmont,Hotel,"Checking into the Fairmont was immediately soothing, as the concierge greeted us with a warmth that instantly made us feel like returning home rather than strangers at check-in. The lobby exudes timeless elegance without feeling dated; polished marble floors reflect soft lighting while contemporary art pieces add unexpected vibrancy to traditional spaces. Our room overlooks the serene city skyline and distant hills, offering breathtaking sunsets over the water that lingered long after we retired for the evening. Though our two-night stay felt surprisingly brief given how quickly time seemed to vanish in this tranquil oasis, every moment yielded pure relaxation rather than boredom or rushing out the door. The housekeeping crew deserves specific praise for their meticulous attention to detail, ensuring crisp linens and restocked amenities appeared fresh upon our return each afternoon.",1,qwen3.5:9b,long,positive,structured,zero_shot,long_positive_structured_zero_shot,9,895,133,700,1,2,1.0,12,2026-08-23T23:33:48.485249+00:00
fake,hardrock,Hotel,"Staying at this Hard Rock hotel was genuinely refreshing in its blend of iconic rock memorabilia and surprisingly sophisticated comfort. Upon entering my room, I immediately felt a warm welcome from the front desk team who knew names before we even reached our floor; their genuine enthusiasm made us feel like valued guests rather than just numbers to process. The bathroom stood out as particularly impressive for this price point, featuring deep soaking tubs with rainfall showers and marble finishes that smelled subtly of citrus instead of harsh chemicals. We found ourselves wishing the night had lasted longer because time seemed to fly when we were deciding which album cover decorated our hallway, making it impossible not to feel too much was happening in one evening. Every amenity felt meticulously chosen rather than generic throwaways, proving this establishment understands its clientele well without sacrificing luxury standards.",1,qwen3.5:9b,long,positive,structured,zero_shot,long_positive_structured_zero_shot,10,945,146,700,1,2,1.0,12,2026-08-23T23:33:53.333065+00:00
fake,hilton,Hotel,"Stayed at this Hilton last weekend for a business trip and was thoroughly impressed from check-in to checkout. The room faced away from streetlights, ensuring it remained incredibly quiet throughout the night; I slept deeply without any disturbances despite being in an urban area near a busy highway. Waking up refreshed is rare these days, but that deep rest really made a difference during my morning meetings. The complimentary breakfast buffet was surprisingly extensive and high quality, featuring fresh pastries, hot eggs cooked to order, and a generous selection of fruits rather than the usual stale options found at many chains. Finding such good food in hotel settings usually requires extra effort or money elsewhere. Location-wise, it sits perfectly within walking distance of the downtown convention center yet remains just far enough away from excessive honking traffic that noise levels stay manageable even on busy days.",1,qwen3.5:9b,long,positive,structured,zero_shot,long_positive_structured_zero_shot,11,937,146,700,1,2,1.0,12,2026-08-23T23:33:58.874719+00:00
fake,homewood,Hotel,"Honestly, staying here felt like finding my second home away from home immediately upon walking through those warm wooden doors on that crisp autumn evening. The moment I checked into Room 214, it hit me how much detail matters because everything seemed perfectly balanced between cozy comfort and genuine sophistication without feeling stuffy or overpriced for what you actually get inside. My favorite part had to be the staff members who genuinely remembered my name after only two days of interaction which was totally unexpected given we weren't a huge party just regular folks heading out on business trips from nearby cities. The breakfast spread in that sunlit dining hall offered incredible variety with fresh fruit right off the tree and eggs cooked exactly how you requested every single morning without needing to ask twice or wait around endlessly while others finished first.",1,qwen3.5:9b,long,positive,unstructured,few_shot,long_positive_unstructured_few_shot,0,889,143,700,1,2,1.0,12,2026-08-23T23:34:03.865799+00:00
fake,hyatt,Hotel,Check-in was surprisingly smooth despite being check-in day for a massive convention; we waited maybe four minutes before heading to our room on the twelfth floor with a killer city view that I kept forgetting about until sunset hit perfectly around six o'clock when everything turned into deep gold hour glow across Lake Michigan. The bathroom had heated floors which nobody tells you about but honestly changed my whole evening shower game forever because stepping onto warm tiles after rain felt like pure heaven rather than usual cold shock. Housekeeping was incredibly thorough without being creepy or hovering; I left coffee mugs out accidentally and found them spotless the next morning along with fresh towels that smelled faintly of lavender which somehow made unpacking groceries feel more relaxing.,1,qwen3.5:9b,long,positive,unstructured,few_shot,long_positive_unstructured_few_shot,1,809,128,700,1,2,1.0,12,2026-08-23T23:34:08.802708+00:00
fake,intercontinental,Hotel,"Staying at Intercontinental Sydney was simply unforgettable for my family trip. From the moment we arrived at the sleek lobby with its marble floors to being welcomed by staff who instantly made us feel like old friends, everything felt perfectly polished yet warm and inviting.",1,qwen3.5:9b,long,positive,unstructured,few_shot,long_positive_unstructured_few_shot,2,278,45,700,0,2,1.0,12,2026-08-23T23:34:12.300475+00:00
fake,james,Hotel,"Arriving at The James was immediately refreshing; there's this understated elegance that doesn't scream for attention but definitely commands it. My room overlooked the busy intersection with a view so crisp you could practically hear the streetlamps humming at night. Bedding felt like I'd been tucked into my own private sanctuary, incredibly plush without any of that heavy, hotel-like stiffness usually associated with luxury stays. The bathroom was stunning too--a deep soaking tub right next to rain showers and heated floors added a spa-quality touch during those chilly winter evenings. Breakfast service upstairs is nothing short of exceptional; the sourdough toast alone worth waking up for early morning. Staff were genuinely warm, remembering names before I even asked them twice after just one visit from the concierge desk out front.",1,qwen3.5:9b,long,positive,unstructured,few_shot,long_positive_unstructured_few_shot,3,847,130,700,1,2,1.0,12,2026-08-23T23:34:16.110594+00:00
fake,knickerbocker,Hotel,"Staying at The Knickerbocker was genuinely delightful from start to finish. We walked right into such an exciting buzz on Columbus Drive that it felt less like checking into a hotel and more like stepping onto a vibrant city stage itself. Our room overlooking the river offered breathtaking views, especially when evening lights began reflecting off the water as I sat at my desk writing emails while sipping coffee from their exceptional bar. The staff really exceeded expectations; they remembered our preferences for extra pillows without us even having to mention it during check-in or request housekeeping services mid-stay which felt so seamless and thoughtful throughout our entire weekend trip away home together despite heavy rainstorms outside making travel difficult everywhere else today!",1,qwen3.5:9b,long,positive,unstructured,few_shot,long_positive_unstructured_few_shot,4,800,123,700,1,2,1.0,12,2026-08-23T23:34:21.212102+00:00
fake,monaco,Hotel,"Check-in was seamless with our group of twelve; we were inside before coffee finished brewing at breakfast. The Monaco lives up to its name by dripping elegance rather than just flashy logos--marble floors reflect warm light into every corner while velvet seating invites lingering conversations near reception. My room overlooked the river, offering perfect morning views without waking anyone with traffic noise or sirens drifting past later in evening hours. Staff anticipated needs before I voiced them; turndown service arrived promptly despite my late return from dinner nearby.",1,qwen3.5:9b,long,positive,unstructured,few_shot,long_positive_unstructured_few_shot,5,584,88,700,1,2,1.0,12,2026-08-23T23:34:25.930126+00:00
fake,omni,Hotel,"Just checked out of The Omni Shorebrake after an incredible weekend away with my family. From the moment we approached the property on Lake Street, you can tell they take pride in everything from the curb appeal to that massive indoor water park which was a lifesaver during our brief summer rainstorm. Our room overlooking the lake felt surprisingly peaceful despite being so close to all the action; the noise-canceling windows actually work like magic when traffic builds up near I-94 or if you want some quiet morning coffee while watching sailboats glide by out on Lake Michigan. Breakfast included a full hot buffet with fresh pastries and real pancakes rather than just frozen waffles, plus a lovely outdoor seating area where we could enjoy the breeze before heading back to explore downtown Milwaukee or head north toward Wisconsin Dells later in our trip.",1,qwen3.5:9b,long,positive,unstructured,few_shot,long_positive_unstructured_few_shot,6,865,144,700,1,2,1.0,12,2026-08-23T23:34:30.689347+00:00
fake,palmer,Hotel,"We absolutely loved our recent weekend getaway here! The front desk team was incredibly warm during check-in; they even remembered my partner's allergy to nuts right away when asking for a late breakfast order. Walking into the lobby immediately felt refreshing with its soft lighting and those beautiful local art pieces on the walls that you just don't see at big chains. Our room upstairs had this amazing view of the skyline which was perfect since we stayed up chatting by the window until midnight. The bed was surprisingly plush too, waking up without any back stiffness is a real treat after long flights downtown.",1,qwen3.5:9b,long,positive,unstructured,few_shot,long_positive_unstructured_few_shot,7,622,105,700,1,3,1.0,12,2026-08-23T23:34:40.844079+00:00
fake,sheraton,Hotel,"Honestly, my weekend getaway at the Sheraton was everything I hoped for and then some. The front desk team greeted us with such genuine warmth that we immediately felt welcome before even placing our bags down. Our room offered a perfect blend of modern comfort and classic charm; the bed was incredibly plush, making for an amazing night's sleep after our long flights in. I especially appreciated how quiet it stayed despite being near some busy thoroughfares. The breakfast buffet was a highlight, featuring fresh pastries cooked to order and plenty of hot options that actually tasted homemade rather than mass-produced. Dinner at the on-site restaurant provided excellent service with dishes we were still dreaming about days later. Every corner of this property feels meticulously maintained without losing its character.",1,qwen3.5:9b,long,positive,unstructured,few_shot,long_positive_unstructured_few_shot,8,827,130,700,1,2,1.0,12,2026-08-23T23:34:43.981041+00:00
fake,sofitel,Hotel,"We just returned from an incredible weekend at Sofitel Chicago Millennium Park and honestly couldn't stop talking about it for days after check-out. From the moment we pulled up to the property, that chic Art Deco exterior felt like stepping into a living museum rather than a hotel lobby. The front desk team was effortlessly warm; our concierge didn't just give us directions but actually walked out with an umbrella when rain started pouring, which made me feel incredibly cared for without feeling smothered by excessive attention. Our room on the upper floor featured those famous marble bathrooms that are both spacious and stunningly designed, complete with deep soaking tubs overlooking a quiet cityscape rather than noisy streets below.",1,qwen3.5:9b,long,positive,unstructured,few_shot,long_positive_unstructured_few_shot,9,745,119,700,1,2,1.0,12,2026-08-23T23:34:48.849465+00:00
fake,swissotel,Hotel,"Arriving at Swissotel Kowloon felt like stepping into a well-oiled machine that somehow retains genuine warmth, which was my primary concern given how exhausting our long flight had been upon landing. The check-in process was remarkably smooth; despite being surrounded by families and business travelers all seeking space for their luggage, the concierge managed to greet us within seconds without making us feel rushed or like just another number in a database.",1,qwen3.5:9b,long,positive,unstructured,few_shot,long_positive_unstructured_few_shot,10,463,72,700,1,2,1.0,12,2026-08-23T23:34:53.358050+00:00
fake,talbott,Hotel,"The Talbott is honestly one of those rare places that somehow feels both luxurious and lived-in, which was exactly what I needed after a long week traveling for work. Walking up to the entrance on Clark Street immediately sets a sophisticated tone without feeling stuffy or pretentious in the least bit. The concierge team downstairs knows their city so well; they didn't just give me a map but actually walked me down to grab coffee at this great local spot before my morning meeting, which felt incredibly personal rather than robotic service. My room on the upper floors had these beautiful arched windows that let in plenty of natural light by noon and an old-school charm with modern conveniences hidden perfectly so nothing feels out of place. The bed was surprisingly firm but comfortable enough to wake up without feeling like I'd been dragged through mud, making early departures actually feasible for my schedule.",1,qwen3.5:9b,long,positive,unstructured,few_shot,long_positive_unstructured_few_shot,11,923,154,700,1,2,1.0,12,2026-08-23T23:34:57.774450+00:00
fake,affinia,Hotel,"Just wanted to share how much we loved our recent stay at Affinia since everything felt so perfectly tailored to us from the moment we walked in. The lobby immediately caught my eye with its warm tones and that incredible scent of fresh linen mixed with something earthy, totally calming after a long flight. Our room was immaculate but not sterile; there were actual houseplants on every surface instead of plastic props which made such a huge difference for air quality too. I'm always wary of hotels claiming to be sustainable because it often turns out to just be marketing fluff, yet here the toiletries came in solid bars rather than single-use plastics and even the breakfast area prioritized local farmers markets over imported goods. The staff really stood out as genuinely friendly without being overly salesy; they remembered my name after only two days despite never interacting with me before.",1,qwen3.5:9b,long,positive,unstructured,zero_shot,long_positive_unstructured_zero_shot,0,906,151,700,1,3,1.0,12,2026-08-23T23:35:08.100973+00:00
fake,allegro,Hotel,"Checking into Hotel Allegro felt like finding a hidden gem right in the heart of town after what seemed like an exhausting journey on those cramped city buses we had to take just to get there. The staff were genuinely wonderful from the moment I walked through the heavy wooden doors; they didn't just smile, but actually took time to explain how every single service worked so you wouldn't feel lost or confused trying to figure out where everything was located within this massive property filled with countless corridors and endless floors that can easily make visitors disoriented.",1,qwen3.5:9b,long,positive,unstructured,zero_shot,long_positive_unstructured_zero_shot,1,585,98,700,1,2,1.0,12,2026-08-23T23:35:12.570640+00:00
fake,amalfi,Hotel,"We just got back from Amalfi hotel after three wonderful days and honestly cannot stop raving about it because everything felt so perfectly polished yet still warm. The staff were incredible; we met Marco in concierge who helped us figure out which path to take for those breathtaking sunset views without any pushiness, which was exactly what we needed since the area can get a bit chaotic during peak season. Our room had that classic Mediterranean charm with stone walls and huge windows letting in so much light but also kept cool with smart fans even when it got sticky outside. Breakfast was another highlight because they actually waited on tables rather than just dumping food near elevators, serving fresh pastries right out of the oven every morning along with amazing coffee that really kicked our mornings off strong enough for long hikes nearby",1,qwen3.5:9b,long,positive,unstructured,zero_shot,long_positive_unstructured_zero_shot,2,857,144,700,1,1,1.0,12,2026-08-23T23:35:13.870382+00:00
fake,ambassador,Hotel,"Just wanted to take a moment because staying at The Ambassador has truly exceeded my expectations in every single way I could have imagined beforehand. Right from the moment we walked through those grand double doors and were greeted by such warm, attentive staff who made us feel like long-lost friends returning home rather than just another number on a checklist it was immediately clear this place operates with an extraordinary level of care that rarely gets replicated these days anymore. The rooms themselves are absolutely stunning blending classic elegance with subtle modern touches without feeling stuffy or outdated at all and I must mention the bed because honestly sleeping in such comfort felt like sinking into pure luxury every night during our entire stay here.",1,qwen3.5:9b,long,positive,unstructured,zero_shot,long_positive_unstructured_zero_shot,3,779,126,700,1,2,1.0,12,2026-08-23T23:35:19.078025+00:00
